ателье	3
блочный	2
боевик	2
ботаник	2
взлом	3
выплеск	3
высоколобый	2
вышка	2
гильдия	3
глянец	2
голубой	3
двушка	1
дивизион	3
донорство	2
драйвер	1
завязка	1
загрузка	2
знамя	3
игра	2
инкубатор	2
исполнитель	2
карта	1
классный	1
корпус	1
лилипут	3
ломберный	3
модель	2
мыло	3
однодневка	2
орбита	2
пакет	1
перестройка	2
погрешность	3
подстава	1
приношение	2
прислуга	3
приставка	2
провальный	1
продукция	3
раскрутка	2
рождество	3
рынок	1
рыночный	2
свинцовый	1
собака	3
стаканчик	3
стачка	2
стиль	2
удвоение	2
флакон	3
четырехлетка	1
