агентство	3
богадельня	3
больница	3
весна	3
вино	3
вывеска	3
декрет	3
дождь	3
дума	2
заключенный	1
защитник	2
знатный	2
казенный	2
классный	2
клиника	3
комиссар	2
мазь	2
мама	3
машина	2
молодец	2
насаждение	2
отдел	2
отделение	2
отрывок	3
пакет	2
палата	1
передовой	2
пионер	1
правитель	3
привет	3
присутствие	3
пружина	2
свалка	1
сволочь	3
секция	2
собор	2
стиль	2
тетка	3
трибунал	2
тройка	2
трубка	2
уклон	2
управа	3
управление	1
участок	1
червяк	1
элемент	1
юношество	3
